doi	title	sizeMb	TotalGb	percentSize
doi:10.5061/dryad.pg4f4qrm4	The genome of Draba nivalis shows signatures of adaptation to the extreme environmental stresses of the Arctic	202915.27	198.16	59.8
doi:10.6078/D1NQ59	Data for: Low predictability of energy balance traits and leaf temperature metrics in desert, montane, and alpine plant communities	25897.75	25.29	7.63
doi:10.5061/dryad.hs07534	Data from: Similar hybrid composition among different age and sex classes in the Myrtle–Audubon's warbler hybrid zone	21153.42	20.66	6.23
doi:10.5061/dryad.k6636	Data from: The genetics of adaptation to discrete heterogeneous environments: frequent mutation or large-effect alleles can allow range expansion	17636.96	17.22	5.2
doi:10.5061/dryad.66jt1	Data from: Low levels of hybridization across two contact zones among three species of woodpeckers (Sphyrapicus sapsuckers)	15332.23	14.97	4.52
doi:10.5061/dryad.3r651	Data from: Evaluating methods for estimating local effective population size with and without migration	5241.07	5.12	1.54
doi:10.5061/dryad.72k67	Data from: Asymmetric competition impacts evolutionary rescue in a changing environment	4816.86	4.7	1.42
doi:10.5061/dryad.n8s3c	Data from: Accelerometers can measure total and activity-specific energy expenditure in free-ranging marine mammals only if linked to time-activity budgets	3742.05	3.65	1.1
doi:10.5061/dryad.r2k76	Data from: Gene expression and drought response in an invasive thistle	3629.43	3.54	1.07
doi:10.5061/dryad.t4b8gthzt	Data from: Using genetic relatedness to understand heterogeneous distributions of urban rat-associated pathogens	3365.29	3.29	0.99
doi:10.5061/dryad.0817m	Data from: Genomic and functional approaches reveal a case of adaptive introgression from Populus balsamifera (balsam poplar) in P. trichocarpa (black cottonwood)	2711.54	2.65	0.8
doi:10.5061/dryad.cjsxksn3j	Data from: Molecular underpinnings and biogeochemical consequences of enhanced diatom growth in a warming Southern Ocean	2603.9	2.54	0.77
doi:10.5061/dryad.jm40h	Data from: Evolution of movement rate increases the effectiveness of marine reserves for the conservation of pelagic fishes	2280.55	2.23	0.67
doi:10.5061/dryad.t951d	Data from: Recurrent selection explains parallel evolution of genomic regions of high relative but low absolute differentiation in a ring species	1938.56	1.89	0.57
doi:10.5061/dryad.8c81j	Data from: Robustness to noise in gene expression evolves despite epistatic constraints in a model of gene networks	1745.67	1.7	0.51
doi:10.5061/dryad.0t407	Data from: Convergent local adaptation to climate in distantly related conifers	1434.69	1.4	0.42
doi:10.5061/dryad.4q67s	Data from: The importance (or lack thereof) of niche divergence to the maintenance of a northern species complex: the case of the long-toed salamander (Ambystoma macrodactylum Baird)	1276.65	1.25	0.38
doi:10.5061/dryad.q2h13	Data from: Adenosine receptors mediate the hypoxic ventilatory response but not the hypoxic metabolic response in the naked mole rat during acute hypoxia	1118.54	1.09	0.33
doi:10.5061/dryad.mh67v	Data from: The relative power of genome scans to detect local adaptation depends on sampling design and statistical method	937.11	0.92	0.28
doi:10.5061/dryad.v23v5d2	Data from: Dental ontogeny in extinct synapsids reveals a complex evolutionary history of the mammalian tooth attachment system	756.17	0.74	0.22
doi:10.5061/dryad.j631f	Data from: Genomic analysis of a migratory divide reveals candidate genes for migration and implicates selective sweeps in generating islands of differentiation	735.71	0.72	0.22
doi:10.5061/dryad.cp723	Data from: Genomics of Compositae crops: reference transcriptome assemblies, and evidence of hybridization with wild relatives	719.76	0.7	0.21
doi:10.5061/dryad.7dv96	Data from: Quantitative DNA metabarcoding: improved estimates of species proportional biomass using correction factors derived from control material	710.55	0.69	0.21
doi:10.5061/dryad.2fqz612m1	Changes in soil fungal communities following anthropogenic disturbance are linked to decreased lodgepole pine seedling performance	677.2	0.66	0.2
doi:10.5061/dryad.6kn93	Data from: Genomic divergence in a ring species complex	652.94	0.64	0.19
doi:10.5061/dryad.h21v2	Data from: The genetic architecture of UV floral patterning in sunflower	649.19	0.63	0.19
doi:10.5061/dryad.d51c5b00g	Insights from Fisher's geometric model on the likelihood of speciation under different histories of environmental change	606.19	0.59	0.18
doi:10.5061/dryad.jh3kk	Data from: Homogenization of populations in the wildflower Texas bluebonnet (Lupinus texensis)	545.46	0.53	0.16
doi:10.5061/dryad.615p248	Data from: Quantifying how constraints limit the diversity of viable routes to adaptation	524.26	0.51	0.15
doi:10.5061/dryad.1k8kq	Data from: Remarkably divergent regions punctuate the genome assembly of the Caenorhabditis elegans Hawaiian strain CB4856	508.77	0.5	0.15
doi:10.5061/dryad.kf674kb	Data from: Physiological and genomic signatures of evolutionary thermal adaptation in redband trout from extreme climates	492.25	0.48	0.15
doi:10.5061/dryad.c2378	Data from: Effects of climate change on habitat availability and configuration for an endemic coastal alpine bird	496.01	0.48	0.15
doi:10.5061/dryad.sq227	Data from: Naked mole rats exhibit metabolic but not ventilatory plasticity following chronic sustained hypoxia	485.62	0.47	0.14
doi:10.5061/dryad.bzkh1896v	The sunflower (Helianthus annuusL.) genome reflects a recent history of biased accumulation of transposable elements	476.07	0.46	0.14
doi:10.5061/dryad.4j0zpc87k	Predicting the strength of urban-rural clines in a Mendelian polymorphism along a latitudinal gradient	462.17	0.45	0.14
doi:10.5061/dryad.4j2662g	Data from: A comparison of genomic islands of differentiation across three young avian species pairs	453.29	0.44	0.13
doi:10.5061/dryad.cm7td	Data from: Genomics of Compositae weeds: EST libraries, microarrays, and evidence of introgression	451.54	0.44	0.13
doi:10.5061/dryad.9s4mw6mc9	Data from: Automatic segmentation of multiple cardiovascular structures from cardiac computed tomography angiography images using deep learning	405.77	0.4	0.12
doi:10.5061/dryad.9q1n4	Data from: Genomic islands of divergence are not affected by geography of speciation in sunflowers.	368.94	0.36	0.11
doi:10.5061/dryad.24s5j	Data from: Admixture mapping in a hybrid zone reveals loci associated with avian feather coloration	353.2	0.34	0.1
doi:10.5061/dryad.gr732	Data from: Phylogenetic evidence for cladogenetic polyploidization in land plants	337.75	0.33	0.1
doi:10.5061/dryad.m4vh4	Data from: A comparison of genomic selection models across time in interior spruce (Picea engelmannii × glauca) using unordered SNP imputation methods	339.89	0.33	0.1
doi:10.5061/dryad.7m0cfxpq9	Data from: Rattus population genomics across the Haida Gwaii archipelago provides a framework for guiding invasive species management 	331.7	0.32	0.1
doi:10.5061/dryad.rm574	Data from: QST FST comparisons with unbalanced half-sib designs	323.59	0.32	0.1
doi:10.5061/dryad.719bt	Data from: Calorespirometry reveals that goldfish prioritize aerobic metabolism over metabolic rate depression in all but near-anoxic environments	302.81	0.3	0.09
doi:10.5061/dryad.d19j0	Data from: Morphological identification and single-cell genomics of marine diplonemids	299.72	0.29	0.09
doi:10.5061/dryad.vk048	Data from: Genomic prediction accuracies in space and time for height and wood density of Douglas-fir using exome capture as the genotyping platform	273.14	0.27	0.08
doi:10.5061/dryad.65th6	Data from: Recent Y chromosome divergence despite ancient origin of dioecy in poplars (Populus)	249.97	0.24	0.07
doi:10.5061/dryad.b8226	Data from: Viral dark matter and virus–host interactions resolved from publicly available microbial genomes	242.74	0.24	0.07
doi:10.5061/dryad.nj5h5	Data from: Whole plastome sequencing reveals deep plastid divergence and cytonuclear discordance between closely related balsam poplars, Populus balsamifera and P. trichocarpa (Salicaceae)	237.56	0.23	0.07
doi:10.5061/dryad.dm690	Data from: Loss of sexual recombination and segregation is associated with increased diversification in evening primroses	226.55	0.22	0.07
doi:10.5061/dryad.1p888	Data from: Conservation and divergence of gene expression plasticity following c. 140 million years of evolution in lodgepole pine (Pinus contorta) and interior spruce (Picea glauca × Picea engelmannii)	195.23	0.19	0.06
doi:10.5061/dryad.465v3	Data from: Shared selective pressure and local genomic landscape lead to repeatable patterns of genomic divergence in sunflowers	191.47	0.19	0.06
doi:10.5061/dryad.62f0r	Data from: The evolutionary history of ferns inferred from 25 low-copy nuclear genes	184.68	0.18	0.05
doi:10.6078/D1F671	ASHRAE Global Thermal Comfort Database II	169.18	0.17	0.05
doi:10.5061/dryad.8s459	Data from: The accumulation of deleterious mutations as a consequence of domestication and improvement in sunflowers and other Compositae crops	174.16	0.17	0.05
doi:10.5061/dryad.k14bq	Data from: Genome scans reveal candidate domestication and improvement genes in cultivated sunflower, as well as post-domestication introgression with wild relatives.	177.76	0.17	0.05
doi:10.5061/dryad.v8d05	Data from: Evaluation of demographic history and neutral parameterization on the performance of Fst outlier tests	170.75	0.17	0.05
doi:10.5061/dryad.pv24v	Data from: Genomic evidence for the parallel evolution of coastal forms in the Senecio lautus complex	157.83	0.15	0.05
doi:10.5061/dryad.953hv	Data from: Quantifying sequence proportions in a DNA-based diet study using Ion Torrent amplicon sequencing: which counts count?	146.89	0.14	0.04
doi:10.5061/dryad.kh886	Data from: aTRAM - automated Target Restricted Assembly Method: a fast method for assembling loci across divergent taxa from next-generation sequencing data	137.83	0.13	0.04
doi:10.5061/dryad.7s848	Data from: Landscape genomics of Populus trichocarpa: the role of hybridization, limited gene flow and natural selection in shaping patterns of population structure	137.22	0.13	0.04
doi:10.5061/dryad.m0p56	Data from: Evaluation of rockfish conservation area networks in the United States and Canada relative to the dispersal distance for black rockfish (Sebastes melanops)	129.86	0.13	0.04
doi:10.5061/dryad.t7b1b05	Data from: Phylogeny, evidence for a cryptic plastid, and distribution of Chytriodinium parasites (Dinophyceae) infecting copepods	125.86	0.12	0.04
doi:10.5061/dryad.s1k47j4	Data from: The evolutionary history of dogs in the Americas	115.76	0.11	0.03
doi:10.5061/dryad.kg1kd5s	Data from: Urban rat races: spatial population genomics of brown rats (Rattus norvegicus) compared across multiple cities	114.76	0.11	0.03
doi:10.5061/dryad.8kb37	Data from: Prediction accuracies for growth and wood attributes of interior spruce in space using genotyping-by-sequencing	111.98	0.11	0.03
doi:10.5061/dryad.fs38962	Data from: Over the hills, but how far away? estimates of mushroom geographic range extents	100.48	0.1	0.03
doi:10.5061/dryad.nf2c425n	Data from: Multilocus estimation of selfing and its heritability	107.5	0.1	0.03
doi:10.5061/dryad.7990	Data from: SNP discovery in black cottonwood (Populus trichocarpa) by population transcriptome resequencing	90.4	0.09	0.03
doi:10.5061/dryad.bb46h5s	Data from: EFHC1, implicated in juvenile myoclonic epilepsy, functions at the cilium and synapse to modulate dopamine signaling	78.0	0.08	0.02
doi:10.5061/dryad.6f2j8	Data from: Overdominance interacts with linkage to determine the rate of adaptation to a new optimum	79.96	0.08	0.02
doi:10.5061/dryad.63q27	Data from: Three keys to the radiation of angiosperms into freezing environments	80.66	0.08	0.02
doi:10.5061/dryad.fj594	Data from: "Transcriptome resources for three hybrid sunflower species (Helianthus anomalus, H. deserticola, H paradoxus)" in Genomic Resources Notes accepted 1 February 2013–31 March 2013	78.56	0.08	0.02
doi:10.5061/dryad.5hqbzkh3g	On the evolutionary epidemiology of SARS-CoV-2	57.08	0.06	0.02
doi:10.5061/dryad.66gc768	Data from: Grizzly bear response to fine spatial and temporal scale spring snow cover in Western Alberta	61.94	0.06	0.02
doi:10.5061/dryad.gq8m9	Data from: Growth gains from selective breeding in a spruce hybrid zone do not compromise local adaptation to climate	62.9	0.06	0.02
doi:10.5061/dryad.d27gv	Data from: Metabolic depression and the evolution of hypoxia tolerance in threespine stickleback, Gasterosteus aculeatus	63.9	0.06	0.02
doi:10.5061/dryad.h0jg4	Data from: Development of an ultra-dense genetic map of the sunflower genome	61.23	0.06	0.02
doi:10.5061/dryad.4p7t2	Data from: The adaptive potential of Populus balsamifera L. to phenology requirements in a warmer global climate	59.29	0.06	0.02
doi:10.5061/dryad.pt80482	Data from: A metadata approach to evaluate the state of ocean knowledge: strengths, limitations, and application to Mexico	49.35	0.05	0.01
doi:10.5061/dryad.2js00	Data from: Less favorable climates constrain demographic strategies in plants	47.49	0.05	0.01
doi:10.5061/dryad.269qr	Data from: Reproductive success is energetically linked to foraging efficiency in Antarctic fur seals	52.28	0.05	0.02
doi:10.5061/dryad.rj87v	Data from: Untangling the early diversification of eukaryotes: a phylogenomic study of the evolutionary origins of Centrohelida, Haptophyta, and Cryptista	50.17	0.05	0.01
doi:10.5061/dryad.26bv4	Data from: Novel predators reshape holozoan phylogeny and reveal the presence of a two-component signalling system in the ancestor of animals	45.71	0.04	0.01
doi:10.5061/dryad.5sg5082	Data from: Population genomic analyses reveal a highly differentiated and endangered genetic cluster of northern goshawks (Accipiter gentilis laingi) in Haida Gwaii	36.29	0.04	0.01
doi:10.5061/dryad.g7805	Data from: Genetic specificity of a plant-insect food web: implications for linking genetic variation to network complexity	44.78	0.04	0.01
doi:10.5061/dryad.hx3ffbg9x	Boreal predator co-occurrences reveal shared use of seismic lines in a working landscape	27.72	0.03	0.01
doi:10.5061/dryad.bg79cnp83	Data from: Cooperation can promote rescue or lead to evolutionary suicide during environmental change	30.12	0.03	0.01
doi:10.5061/dryad.4f4qrfj9b	Speciation and gene flow across an elevational gradient in New Guinea kingfishers	28.3	0.03	0.01
doi:10.5061/dryad.88s50	Data from: Acid secretion by the boring organ of the burrowing giant clam, Tridacna crocea	28.58	0.03	0.01
doi:10.5061/dryad.2g75hp3	Data from: Crop pests and predators exhibit inconsistent responses to surrounding landscape composition	26.62	0.03	0.01
doi:10.5061/dryad.7tp3sg0	Data from: Population genomics through time provides insights into the consequences of decline and rapid demographic recovery through head-starting in a Galapagos giant tortoise	28.78	0.03	0.01
doi:10.5061/dryad.n0513	Data from: Direct and indirect genetic and fine-scale location effects on breeding date in song sparrows	31.8	0.03	0.01
doi:10.5061/dryad.p12q4	Data from: Effects of gene action, marker density, and time since selection on the performance of landscape genomic scans of local adaptation	30.9	0.03	0.01
doi:10.5061/dryad.7n82c	Data from: Macroevolutionary synthesis of flowering plant sexual systems	29.62	0.03	0.01
doi:10.5061/dryad.g7b25	Data from: Transcriptome analysis indicates considerable divergence in alternative splicing between duplicated genes in Arabidopsis thaliana	28.64	0.03	0.01
doi:10.5061/dryad.rs4k0	Data from: The population genomics of sunflowers and genomic determinants of protein evolution revealed by RNAseq	28.55	0.03	0.01
doi:10.5061/dryad.2rbnzs7jp	A catastrophic tropical drought kills hydraulically vulnerable tree species	22.77	0.02	0.01
doi:10.5061/dryad.cjsxksn2q	Sitticine jumping spiders: phylogeny, classification and chromosomes (Araneae: Salticidae: Sitticini)	17.77	0.02	0.01
doi:10.5061/dryad.mt588k1	Data from: Climate change impacts on marine biodiversity, fisheries and society in the Arabian Gulf	23.31	0.02	0.01
doi:10.5061/dryad.3b02tb6	Data from: Climatic change only stimulated growth for trees under weak competition in central boreal forests	20.55	0.02	0.01
doi:10.5061/dryad.v5051j2	Data from: A comprehensive analysis of autocorrelation and bias in home range estimation	23.06	0.02	0.01
doi:10.5061/dryad.dm3hb40	Data from: Genome-wide assessment of diversity and divergence among extant Galápagos giant tortoise species	23.59	0.02	0.01
doi:10.5061/dryad.67n73	Data from: Grow with the flow: a latitudinal cline in physiology is associated with more variable precipitation in Erythranthe cardinalis	22.11	0.02	0.01
doi:10.5061/dryad.2kd28	Data from: Climate change is projected to outpace rates of niche change in grasses	25.29	0.02	0.01
doi:10.5061/dryad.7874p	Data from: Changes in the bacterial microbiota in gut, blood, and lungs following acute LPS instillation into mice lungs	19.56	0.02	0.01
doi:10.5061/dryad.1051d	Data from: A 34K SNP genotyping array for Populus trichocarpa: Design, application to the study of natural populations and transferability to other Populus species	22.96	0.02	0.01
doi:10.5061/dryad.fd31n	Data from: Divergence is focused on few genomic regions early in speciation: incipient speciation of sunflower ecotypes	20.18	0.02	0.01
doi:10.5061/dryad.d2547d7z6	Data from: Defining isoscapes in the Northeast Pacific as an index of ocean productivity	11.39	0.01	0.0
doi:10.5061/dryad.ncjsxkssb	Genomic differentiation and local adaptation on a microgeographic scale in a resident songbird	5.22	0.01	0.0
doi:10.5061/dryad.dz08kprvc	Investigating morphological complexes using informational dissonance and bayes factors: A case study in corbiculate bees	7.68	0.01	0.0
doi:10.5061/dryad.3bk3j9kdz	Multiple chromosomal inversions contribute to adaptive divergence of a dune sunflower ecotype	14.11	0.01	0.0
doi:10.5061/dryad.kkwh70s25	Supplemental material for: The dynamics of bird diversity in the new world	6.6	0.01	0.0
doi:10.5061/dryad.7sqv9s4pc	Ancestral reconstruction of sunflower karyotypes reveals non-random chromosomal evolution 	5.22	0.01	0.0
doi:10.5061/dryad.k98sf7m30	Assortative mating in hybrid zones is remarkably ineffective in promoting speciation	8.76	0.01	0.0
doi:10.5061/dryad.m8p3q04	Data from: Parallel changes in gut microbiome composition and function during colonization, local adaptation and ecological speciation	8.44	0.01	0.0
doi:10.5061/dryad.n2b3h	Data from: A genome-wide phylogeny of jumping spiders (Araneae, Salticidae), using anchored hybrid enrichment	5.16	0.01	0.0
doi:10.5061/dryad.7ft57	Data from: Linking the wintering and breeding grounds of warblers along the Pacific Flyway	6.31	0.01	0.0
doi:10.5061/dryad.fg189	Data from: No evidence of inbreeding depression in sperm performance traits in wild song sparrows	8.35	0.01	0.0
doi:10.5061/dryad.5kg33	Data from: Phylogeny with introgression in Habronattus jumping spiders (Araneae: Salticidae)	12.68	0.01	0.0
doi:10.5061/dryad.684s1	Data from: Using experimentation to understand the 10-year snowshoe hare cycle in the boreal forest of North America	6.16	0.01	0.0
doi:10.5061/dryad.01s00	Data from: Assessing the potential of genotyping-by-sequencing-derived single nucleotide polymorphisms to identify the geographic origins of intercepted gypsy moth (Lymantria dispar) specimens: a proof-of-concept study	6.04	0.01	0.0
doi:10.5061/dryad.76gp5	Data from: Co-occurrence of related asexual, but not sexual, lineages suggests that reproductive interference limits coexistence	9.0	0.01	0.0
doi:10.5061/dryad.n4k76	Data from: Fixation probability in a haploid-diploid population	8.08	0.01	0.0
doi:10.5061/dryad.54c43	Data from: Gene expression plasticity in response to salinity acclimation in threespine stickleback ecotypes from different salinity habitats	7.26	0.01	0.0
doi:10.5061/dryad.bp20p	Data from: Rates of hypoxia induction alter mechanisms of O2 uptake and the critical O2 tension of goldfish	5.87	0.01	0.0
doi:10.5061/dryad.p1v07	Data from: Resource selection and landscape change reveal mechanisms suppressing population recovery for the world's most endangered antelope	13.18	0.01	0.0
doi:10.5061/dryad.7f4v1	Data from: Dioecy does not consistently accelerate or slow lineage diversification across multiple genera of angiosperms	5.65	0.01	0.0
doi:10.5061/dryad.4gn47	Data from: Evolution of haploid selection in predominantly diploid organisms	7.44	0.01	0.0
doi:10.5061/dryad.sg280	Data from: Mitochondrial genotype and phenotypic plasticity of gene expression in response to cold acclimation in killifish	11.59	0.01	0.0
doi:10.5061/dryad.mc736	Data from: Phylogenomics and historical biogeography of the monocot order Liliales: out of Australia and through Antarctica	11.1	0.01	0.0
doi:10.5061/dryad.26j38	Data from: Phylogenomics from whole genome sequences using aTRAM	8.33	0.01	0.0
doi:10.5061/dryad.1mc01	Data from: Rapid adaptive evolution of colour vision in the threespine stickleback radiation	6.0	0.01	0.0
doi:10.5061/dryad.65f2k	Data from: Hummingbirds control hovering flight by stabilizing visual motion	14.44	0.01	0.0
doi:10.5061/dryad.20kq0	Data from: Mitochondrial responses to prolonged anoxia in brain of Red-eared slider turtles	8.47	0.01	0.0
doi:10.5061/dryad.v53h1	Data from: The deep phylogeny of jumping spiders (Araneae, Salticidae)	6.58	0.01	0.0
doi:10.5061/dryad.5gp25	Data from: Too much of a good thing: The unique and repeated paths toward copper adaptation	5.73	0.01	0.0
doi:10.5061/dryad.18276	Data from: Divergent transcriptional patterns are related to differences in hypoxia tolerance between the intertidal and the subtidal sculpins	7.1	0.01	0.0
doi:10.5061/dryad.5ds40	Data from: Sex uncovered special issue: selective maintenance of recombination between the sex chromosomes	8.54	0.01	0.0
doi:10.5061/dryad.6h5v1	Data from: Comparative analysis reveals that polyploidy does not decelerate diversification in fish	5.23	0.01	0.0
doi:10.5061/dryad.h3k4n	Data from: Improving accuracy of DNA diet estimates using food tissue control materials and an evaluation of proxies for digestion bias	14.52	0.01	0.0
doi:10.5061/dryad.nd853	Data from: Population genomics of Pacific lamprey: adaptive variation in a highly dispersive species	11.04	0.01	0.0
doi:10.5061/dryad.1719	Data from: No effect of environmental heterogeneity on the maintenance of genetic variation in wing shape in Drosophila melanogaster	9.22	0.01	0.0
doi:10.5061/dryad.18	Data from: The role of pleiotropy in the maintenance of sex in yeast	7.43	0.01	0.0
doi:10.5061/dryad.np5hqbzqg	Adaptation and latitudinal gradients in species interactions: nest predation in birds	0.65	0.0	0.0
doi:10.5061/dryad.dncjsxkx7	Beyond seedlings: ectomycorrhizal fungal networks and growth of mature Pseudotsuga menziesii	0.08	0.0	0.0
doi:10.5061/dryad.931zcrjhs	COVID-19 clinician moral injury survey	0.11	0.0	0.0
doi:10.5061/dryad.qv9s4mwbs	Data from: A meta-analysis of global avian survival across species and latitude	0.25	0.0	0.0
doi:10.5061/dryad.g4f4qrfmm	Data from: A stochastic model for predicting age and mass at maturity of insects	0.05	0.0	0.0
doi:10.5061/dryad.f7m0cfxsq	Data from Beyond MAP: A guide to dimensions of rainfall variability for tropical ecology	3.77	0.0	0.0
doi:10.5061/dryad.bzkh1896b	Data from: Climate change increases predation risk for a keystone species of the boreal forest	4.84	0.0	0.0
doi:10.5061/dryad.18931zctg	Data from: Convergent evolution of niche structure in Northeast Pacific kelp forests	0.07	0.0	0.0
doi:10.5061/dryad.r2280gb8k	Data from: Density-dependent space use affects interpretation of camera trap detection rates	0.06	0.0	0.0
doi:10.5061/dryad.fbg79cns4	Data from: Genotyping-in-Thousands by sequencing reveals marked population structure in Western Rattlesnakes to inform conservation status	0.75	0.0	0.0
doi:10.5061/dryad.9w0vt4bc6	Data from: Life history variation in an invasive plant is associated with climate and recent colonization of a specialist herbivore	0.18	0.0	0.0
doi:10.5061/dryad.8pk0p2nk4	Data from: Lythrum salicaria common garden under Neogalerucella herbivory	0.12	0.0	0.0
doi:10.5061/dryad.g1jwstqnr	Data from: Prey availability and ambient temperature influence carrion persistence in the boreal forest	0.06	0.0	0.0
doi:10.5061/dryad.zgmsbcc81	Data from: Priorities and motivations of marine coastal restoration research 	0.93	0.0	0.0
doi:10.5061/dryad.fxpnvx0p4	Data from: RapidRat: development, validation and application of a genotyping-by-sequencing panel for rapid biosecurity and invasive species management	2.2	0.0	0.0
doi:10.5061/dryad.v6wwpzgqz	Data from: Resistance of soil biota and plant growth to disturbance increases with plant diversity	0.15	0.0	0.0
doi:10.5061/dryad.866t1g1nh	Data from: Spatial patterns and rarity of the white-phased ‘Spirit Bear’ allele reveals gaps in habitat protection	0.07	0.0	0.0
doi:10.5061/dryad.bcc2fqz8n	Data from: Thermal tolerances and species interactions determine the elevational distributions of insects	0.22	0.0	0.0
doi:10.5061/dryad.7pvmcvdpz	Disconnects between ecological theory and data in phenological mismatch research	0.05	0.0	0.0
doi:10.5061/dryad.sbcc2fr32	Extinction dynamics under extreme conservation threat: the flora of St Helena	0.23	0.0	0.0
doi:10.5061/dryad.b8gtht78h	Global gradients in intraspecific variation in vegetative and floral traits are partially associated with climate and species richness 	2.49	0.0	0.0
doi:10.5061/dryad.08kprr50h	Growth, metabolism, anatomy, behaviour, invertebrate drift	0.23	0.0	0.0
doi:10.5061/dryad.3n5tb2rf8	Hidden introductions of freshwater red algae via the aquarium trade exposed by DNA barcodes	0.27	0.0	0.0
doi:10.5061/dryad.f4qrfj6sp	Interspecific competition slows range expansion and shapes range boundaries	0.2	0.0	0.0
doi:10.5061/dryad.zgmsbcc70	Landscape context mediates the physiological stress response of birds to farmland diversification	0.31	0.0	0.0
doi:10.5061/dryad.0vt4b8gv1	Local adaptation to biotic interactions: a meta-analysis across latitudes	4.4	0.0	0.0
doi:10.5061/dryad.51c59zw4z	Long-term logging residue loadings affect tree growth but not soil nutrients in lodgepole pine forests	0.12	0.0	0.0
doi:10.5061/dryad.jq2bvq861	Molecular assays to detect the presence and viability of Phytophthora ramorum and Grosmannia clavigera	0.04	0.0	0.0
doi:10.5061/dryad.73n5tb2vg	Multivariate phenotypic divergence along an urbanization gradient	0.28	0.0	0.0
doi:10.5061/dryad.3ffbg79dh	Not a melting pot: plant species aggregate in their non-native range	0.83	0.0	0.0
doi:10.5061/dryad.280gb5mmp	Rainfall and nest site competition delay Mountain Bluebird and Tree Swallow breeding but do not impact productivity	1.54	0.0	0.0
doi:10.5061/dryad.wh70rxwjk	Scientific shortcomings in environmental impact statements internationally	0.07	0.0	0.0
doi:10.5061/dryad.t1k42p8	Data from: A new way to estimate neurologic disease prevalence in the United States	0.04	0.0	0.0
doi:10.5061/dryad.cjsxksn1p	Data from: Can avian functional traits predict cultural ecosystem services?	0.11	0.0	0.0
doi:10.5061/dryad.gb2bm7h	Data from: Caste ratio adjustments in response to perceived and realised competition in parasites with division of labour	0.2	0.0	0.0
doi:10.5061/dryad.b74d971	Data from: City sicker? a meta-analysis of wildlife health and urbanization	0.29	0.0	0.0
doi:10.5061/dryad.tc3177n	Data from: Climate and leaf traits, not latitude, explain variation in plant‐herbivore interactions across a species’ range	1.13	0.0	0.0
doi:10.5061/dryad.8625cv1	Data from: Climate impacts on the ocean are making the Sustainable Development Goals a moving target traveling away from us	0.21	0.0	0.0
doi:10.5061/dryad.rj74424	Data from: Cognitive function after spinal cord injury: a systematic review	0.5	0.0	0.0
doi:10.5061/dryad.b4c364r	Data from: Complex indirect effects of epiphytic bromeliads on the invertebrate food webs of their support tree	0.93	0.0	0.0
doi:10.5061/dryad.gd8038s	Data from: Conserving evolutionary history does not result in greater diversity over geological timescales	3.82	0.0	0.0
doi:10.5061/dryad.qk653b3	Data from: Cryptic genetic variation shapes the adaptive evolutionary potential of enzymes	2.88	0.0	0.0
doi:10.5061/dryad.8bg44b0	Data from: Divergent temporal trends of net biomass change in western Canadian boreal forests	1.23	0.0	0.0
doi:10.5061/dryad.mj38033	Data from: Domesticated tomatoes are more vulnerable to negative plant-soil feedbacks than their wild relatives	0.2	0.0	0.0
doi:10.5061/dryad.5pp17kd	Data from: Ergogenic effects of an epidural neuroprosthesis in one individual with spinal cord injury	0.68	0.0	0.0
doi:10.5061/dryad.dh7cd36	Data from: Estimating density for species conservation: comparing camera trap spatial count models to genetic spatial capture-recapture models	0.03	0.0	0.0
doi:10.5061/dryad.5757d42	Data from: Evidence for contemporary and historical gene flow between guppy populations in different watersheds, with a test for associations with adaptive traits	0.16	0.0	0.0
doi:10.5061/dryad.h1d7d13	Data from: Evolution during population spread affects plant performance in stressful environments	0.15	0.0	0.0
doi:10.5061/dryad.4r1k05t	Data from: Evolution of invasiveness by genetic accommodation	0.14	0.0	0.0
doi:10.5061/dryad.81hn422	Data from: Exploring preferences for variable delays over fixed delays to high-value food rewards as a model of food-seeking behaviours in humans	0.85	0.0	0.0
doi:10.5061/dryad.b0hs8gr	Data from: Extensive reduction of the nuclear pore complex in nucleomorphs	3.55	0.0	0.0
doi:10.5061/dryad.1cv08	Data from: GlobTherm, a global database on thermal tolerances for aquatic and terrestrial organisms	0.74	0.0	0.0
doi:10.5061/dryad.4j0zpc874	Data from: Habitat size thresholds for predators: why damselflies only occur in large bromeliads	0.21	0.0	0.0
doi:10.5061/dryad.fm23dq6	Data from: Herbarium specimens reveal increasing herbivory over the past century	0.27	0.0	0.0
doi:10.5061/dryad.kv40404	Data from: Herbivory enhances the resistance of mangrove forest to cordgrass invasion	0.04	0.0	0.0
doi:10.5061/dryad.517c56h	Data from: Individual dispersal decisions in a cooperative breeder: ecological constraints, the benefits of philopatry, and the social queue for dominance	0.07	0.0	0.0
doi:10.5061/dryad.66jn7g7	Data from: Integrating morphological characters, molecular markers, and distribution patterns to assess the identity of Blepharis species from Jordan	0.05	0.0	0.0
doi:10.5061/dryad.58g2t4k	Data from: Interactive effects of climate change and biodiversity loss on ecosystem functioning	0.13	0.0	0.0
doi:10.5061/dryad.cn63cj7	Data from: Ionome and elemental transport kinetics shaped by parallel evolution in threespine stickleback	0.07	0.0	0.0
doi:10.5061/dryad.g23j32s	Data from: Large‐scale molecular diet analysis in a generalist marine mammal reveals male preference for prey of conservation concern	0.17	0.0	0.0
doi:10.5061/dryad.5b58400	Data from: Mapping the imprint of biotic interactions on β-diversity	0.42	0.0	0.0
doi:10.5061/dryad.1g71qj2	Data from: Measuring agreement among experts in classifying camera images of similar species	0.15	0.0	0.0
doi:10.5061/dryad.d81073k	Data from: Mitotic recombination and rapid genome evolution in the invasive forest pathogen Phytophthora ramorumm	0.15	0.0	0.0
doi:10.5061/dryad.st350	Data from: Moving in the Anthropocene: global reductions in terrestrial mammalian movements	0.61	0.0	0.0
doi:10.5061/dryad.cq2k7sq	Data from: Museum specimens provide novel insights into changing plant-herbivore interactions	0.06	0.0	0.0
doi:10.5061/dryad.g85t15k	Data from: Nest boxes increase reproductive output for Tree Swallows in a forest grassland matrix in central British Columbia	4.58	0.0	0.0
doi:10.5061/dryad.3p1tj06	Data from: Partitioning genetic and species diversity refines our understanding of species-genetic diversity relationships	2.99	0.0	0.0
doi:10.5061/dryad.17c6c77	Data from: Predation risk and resource abundance mediate foraging behaviour and intraspecific resource partitioning among consumers in dominance hierarchies	0.04	0.0	0.0
doi:10.5061/dryad.5b2k785	Data from: Reciprocal abundance shifts of the intertidal sea stars, Evasterias troschelii and Pisaster ochraceus, following sea star wasting disease	0.06	0.0	0.0
doi:10.5061/dryad.487fq3m	Data from: Relative importance of competition and plant-soil feedback, their synergy, context dependency and implications for coexistence	0.15	0.0	0.0
doi:10.5061/dryad.863c8sk	Data from: Reproductive losses due to climate change-induced earlier flowering are not the primary threat to plant population viability in a perennial herb	1.23	0.0	0.0
doi:10.5061/dryad.d52df21	Data from: Short-term microbial effects of a large-scale mine-tailing storage facility collapse on the local natural environment	0.09	0.0	0.0
doi:10.5061/dryad.p021fq5	Data from: Spatial variation in herbivory, climate and isolation predict plant height and fruit phenotype in Plectritis congesta island populations	0.07	0.0	0.0
doi:10.5061/dryad.d6f6q7p	Data from: Species interactions mediate thermal evolution	0.05	0.0	0.0
doi:10.5061/dryad.2jk717g	Data from: Species richness change across spatial scales	0.23	0.0	0.0
doi:10.5061/dryad.sf2gt4k	Data from: Survival is negatively related to basal metabolic rate in tropical Andean birds	0.02	0.0	0.0
doi:10.5061/dryad.1s07jr8	Data from: Taxonomic and phylogenetic diversity of vascular plants at Ma’anling volcano urban park in tropical Haikou, China: Reponses to soil properties	0.06	0.0	0.0
doi:10.5061/dryad.1zcrjdfnf	Data from: Testing predictions of inclusive fitness theory in inbreeding relatives with biparental care	0.08	0.0	0.0
doi:10.5061/dryad.pm793v8	Data from: The prevalence of MS in the United States: a population-based estimate using health claims data	0.05	0.0	0.0
doi:10.7272/Q64M92RM	Data from: They are likely to be there: using a family-centered index-testing approach to identify HIV-positive children in Kenya	4.59	0.0	0.0
doi:10.5061/dryad.4c7s325	Data from: Validation of an algorithm for identifying MS cases in administrative health claims datasets	0.06	0.0	0.0
doi:10.5061/dryad.7012f1b	Data from: Variation in offspring development is driven more by weather and maternal condition than predation risk	0.09	0.0	0.0
doi:10.5061/dryad.qjq2bvqc3	Experimental hybridization studies suggest that pleiotropic alleles commonly underlie adaptive divergence between natural populations	0.72	0.0	0.0
doi:10.5061/dryad.stqjq2bzw	Five-years of ocrelizumab in relapsing multiple sclerosis: OPERA studies open-label extension	0.99	0.0	0.0
doi:10.5061/dryad.n02v6wwsb	Hydroxyacetophenone defenses in white spruce against spruce budworm	1.41	0.0	0.0
doi:10.5061/dryad.0vt4b8gv9	Species differences in phenology shape coexistence	0.51	0.0	0.0
doi:10.5061/dryad.nh035	Data from: A compendium of geochemical information from the Saanich Inlet water column	2.7	0.0	0.0
doi:10.5061/dryad.km42m	Data from: A review of riverine ecosystem service quantification: research gaps and recommendations	0.11	0.0	0.0
doi:10.5061/dryad.2p7qb12	Data from: An experimental test of the mutation-selection balance model for the maintenance of genetic variance in fitness components	0.13	0.0	0.0
doi:10.5061/dryad.qc264m2	Data from: Assessment of plasma proteomics biomarker’s ability to distinguish benign from malignant lung nodules	0.1	0.0	0.0
doi:10.5061/dryad.5164v	Data from: Decreases in beetle body size linked to climate change and warming temperatures	1.24	0.0	0.0
doi:10.5061/dryad.hh2kj	Data from: Density-dependent signaling: an alternative hypothesis on the function of chemical signaling in a non-territorial solitary carnivore	1.04	0.0	0.0
doi:10.5061/dryad.8rb35rj	Data from: Disentangling the genetic effects of refugial isolation and range expansion in a trans-continentally distributed species	0.06	0.0	0.0
doi:10.5061/dryad.8tp8n	Data from: Dispersal barriers and climate determine the geographic distribution of the helicopter damselfly Mecistogaster modesta	0.07	0.0	0.0
doi:10.5061/dryad.7c652r8	Data from: Do correlated responses to multiple environmental changes exacerbate or mitigate species loss?	0.34	0.0	0.0
doi:10.5061/dryad.sv43650	Data from: Early arrival and climatically-linked geographic expansion of New World monkeys from tiny African ancestors	2.39	0.0	0.0
doi:10.5061/dryad.3cd2611	Data from: Ecological mechanisms and phylogeny shape invertebrate stoichiometry: a test using detritus-based communities across Central and South America	0.11	0.0	0.0
doi:10.5061/dryad.vk81vp8	Data from: Effects of host colony size and hygiene behaviors on social spider kleptoparasite loads along an elevation gradient	0.19	0.0	0.0
doi:10.5061/dryad.1v244	Data from: Effects of predatory ants within and across ecosystems in bromeliad food webs	0.35	0.0	0.0
doi:10.5061/dryad.8b5n18p	Data from: Environmental stress does not increase the mean strength of selection	0.05	0.0	0.0
doi:10.5061/dryad.53d8h	Data from: Estimations of evapotranspiration in an age sequence of Eucalyptus plantations in subtropical China	0.05	0.0	0.0
doi:10.5061/dryad.dh3h417	Data from: Exposure to predators does not lead to the evolution of larger brains in experimental populations of threespine stickleback	0.07	0.0	0.0
doi:10.5061/dryad.c710g76	Data from: Fine-root exploitation strategies differ in tropical old-growth and logged-over forests in Ghana	0.08	0.0	0.0
doi:10.5061/dryad.bn5155f	Data from: Functional traits and environmental conditions predict community isotopic niches and energy pathways across spatial scales	0.14	0.0	0.0
doi:10.5061/dryad.1b90t69	Data from: Gene flow improves fitness at a range edge under climate change	0.72	0.0	0.0
doi:10.5061/dryad.b49n840	Data from: General trust impedes perception of self-reported primary psychopathy in thin slices of social interaction	0.23	0.0	0.0
doi:10.5061/dryad.bs7sg	Data from: Genetic coupling of female mate choice with polygenic ecological divergence facilitates stickleback speciation	1.3	0.0	0.0
doi:10.5061/dryad.0m625h4	Data from: Genetic patterns in Neotropical Magnolias (Magnoliaceae) using de novo developed microsatellite markers	0.68	0.0	0.0
doi:10.5061/dryad.s04h8	Data from: Genetic sampling for estimating density of common species	0.07	0.0	0.0
doi:10.5061/dryad.vr165	Data from: Group elicitations yield more consistent, yet more uncertain experts in understanding risks to ecosystem services in New Zealand bays	0.05	0.0	0.0
doi:10.5061/dryad.f06k49s	Data from: Habitat-mediated effects of diurnal and seasonal migration strategies on juvenile salmon survival	0.21	0.0	0.0
doi:10.5061/dryad.h6qg003	Data from: Herbivores and plant defenses affect selection on plant reproductive traits more strongly than pollinators	0.19	0.0	0.0
doi:10.5061/dryad.1mj01	Data from: High throughput sequencing of small RNAs reveals dynamic microRNAs expression of lipid metabolism during Camellia oleifera and C. meiocarpa seed natural drying	0.04	0.0	0.0
doi:10.5061/dryad.qg7kv6c	Data from: Insights into the roles of CMK-1 and OGT-1 in interstimulus interval-dependent habituation in Caenorhabditis elegans	0.44	0.0	0.0
doi:10.5061/dryad.tb25q	Data from: Keeping pace with the Red Queen: identifying the genetic basis of susceptibility to infectious disease	2.7	0.0	0.0
doi:10.5061/dryad.5q5q6	Data from: Light and growth form interact to shape stomatal ratio among British angiosperms	0.07	0.0	0.0
doi:10.5061/dryad.49td812	Data from: Maternal provisioning is structured by species’ competitive neighborhoods	0.07	0.0	0.0
doi:10.5061/dryad.p1j7n43	Data from: Meta‐analysis of chromosome‐scale crossover rate variation in eukaryotes and its significance to evolutionary genomics	1.23	0.0	0.0
doi:10.5061/dryad.h1r1pg7	Data from: Nets versus spraying: a spatial modelling approach reveals indoor residual spraying targets Anopheles mosquito habitats better than mosquito nets in Tanzania	3.44	0.0	0.0
doi:10.5061/dryad.5kt4j51	Data from: Nonlinear averaging of thermal experience predicts population growth rates in a thermally variable environment	0.04	0.0	0.0
doi:10.5061/dryad.1cv6sf4	Data from: Past and present resource availability affect mating rate but not choice in Drosophila melanogaster	0.04	0.0	0.0
doi:10.5061/dryad.420b8vn	Data from: Plant–insect interactions: double-dating associated insect and plant lineages reveals asynchronous radiations	0.14	0.0	0.0
doi:10.5061/dryad.10h01t1	Data from: Purifying selection in the toll-like receptors of song sparrows Melospiza melodia	0.03	0.0	0.0
doi:10.5061/dryad.m58sp14	Data from: Reproduction as a bottleneck to treeline advance across the circumarctic forest tundra ecotone	0.07	0.0	0.0
doi:10.5061/dryad.p8066hd	Data from: Rethinking phylogenetic comparative methods	0.17	0.0	0.0
doi:10.5061/dryad.nb85p	Data from: Save your host, save yourself? caste-ratio adjustment in a parasite with division of labor and snail host survival following shell damage	0.12	0.0	0.0
doi:10.5061/dryad.p82f2	Data from: Scale and direction of adaptive introgression between black cottonwood (Populus trichocarpa) and balsam poplar (P. balsamifera)	2.09	0.0	0.0
doi:10.5061/dryad.477dp5c	Data from: Sex differences in the drivers of reproductive skew in a cooperative breeder	0.06	0.0	0.0
doi:10.5061/dryad.p7p1jb3	Data from: Sex-specific additive genetic variances and correlations for fitness in a song sparrow (Melospiza melodia) population subject to natural immigration and inbreeding	0.34	0.0	0.0
doi:10.5061/dryad.8js678v	Data from: Similarities in temperature-dependent gene expression plasticity across time-scales in threespine stickleback (Gasterosteus aculeatus)	3.77	0.0	0.0
doi:10.5061/dryad.hg56n	Data from: Single cell genomics of uncultured marine alveolates shows paraphyly of basal dinoflagellates	2.78	0.0	0.0
doi:10.5061/dryad.3nr41	Data from: Small montane cloud forest fragments are important for conserving tree diversity in the Ecuadorian Andes	0.08	0.0	0.0
doi:10.5061/dryad.50q65s0	Data from: Stabilizing selection, mutational bias and the evolution of sex	0.07	0.0	0.0
doi:10.5061/dryad.365dr	Data from: Temperate grassland songbird species accumulate incrementally along a gradient of primary productivity	0.42	0.0	0.0
doi:10.5061/dryad.bg8q200	Data from: Testing for latitudinal gradients in defense at the macroevolutionary scale	0.08	0.0	0.0
doi:10.5061/dryad.6bn34	Data from: The combined impacts of experimental defaunation and logging on seedling traits and diversity	0.15	0.0	0.0
doi:10.5061/dryad.9q2v7c4	Data from: The effect of range overlap on ecological niche divergence depends on spatial scale in monkeyflowers	0.44	0.0	0.0
doi:10.5061/dryad.41752p5	Data from: The ‘filtering’ metaphor revisited: competition and environment jointly structure invasibility and coexistence	0.04	0.0	0.0
doi:10.5061/dryad.486155q	Data from: The shortfall of sociality: group-living affects hunting performance of individual social spiders	0.06	0.0	0.0
doi:10.5061/dryad.9dc21	Data from: Using fuzzy logic to determine the vulnerability of marine species to climate change	0.06	0.0	0.0
doi:10.5061/dryad.s22s280	Data from: Why less complexity produces better forecasts: an independent data evaluation of kelp habitat models	3.6	0.0	0.0
doi:10.5061/dryad.95h17	Data from: A Poissonian model of indel rate variation for phylogenetic tree inference	0.08	0.0	0.0
doi:10.5061/dryad.b8569	Data from: A test of the effects of timing of a pulsed resource subsidy on stream ecosystems	0.11	0.0	0.0
doi:10.5061/dryad.s4bt7	Data from: Adaptation to elevated CO2 in different biodiversity contexts	0.08	0.0	0.0
doi:10.5061/dryad.41pr0	Data from: Aggressive behaviours, food deprivation and the foraging gene	0.05	0.0	0.0
doi:10.5061/dryad.6nd54	Data from: Assessing conservation risks to populations of an anadromous Arctic salmonid, the northern Dolly Varden (Salvelinus malma malma), via estimates of effective and census population sizes and approximate Bayesian computation	0.09	0.0	0.0
doi:10.5061/dryad.9n44q	Data from: Being in a “green” building elicits “greener” recycling, but not necessarily “better” recycling	0.07	0.0	0.0
doi:10.5061/dryad.p3fg9	Data from: Biocontrol insect impacts population growth of its target plant species but not an incidentally used nontarget	0.81	0.0	0.0
doi:10.5061/dryad.ct511	Data from: Bottom time does not always predict prey encounter rate in Antarctic fur seals	0.77	0.0	0.0
doi:10.5061/dryad.1r875	Data from: Chlorpyrifos interacts with other agricultural stressors to alter stream communities in laboratory microcosms	0.09	0.0	0.0
doi:10.5061/dryad.8v96r	Data from: Costs of reproduction explain the correlated evolution of semelparity and egg size: theory and a test with salmon	0.11	0.0	0.0
doi:10.5061/dryad.mr16q	Data from: Crossing the (Wallace) line: local abundance and distribution of mammals across biogeographic barriers	0.23	0.0	0.0
doi:10.5061/dryad.b1m1h	Data from: Direct and indirect effects of native range expansion on soil microbial community structure and function	0.06	0.0	0.0
doi:10.5061/dryad.3hp02	Data from: Evolution and plasticity: divergence of song discrimination is faster in birds with innate song than in song learners in Neotropical passerine birds	0.08	0.0	0.0
doi:10.5061/dryad.cc03n	Data from: Evolutionary potential in the Alpine: trait heritabilities and performance variation of the dwarf willow Salix herbacea from different elevations and microhabitats	1.51	0.0	0.0
doi:10.5061/dryad.c50sf	Data from: Fear and lethality in snowshoe hares: the deadly effects of non-consumptive predation risk	0.57	0.0	0.0
doi:10.5061/dryad.s2b68	Data from: Form–function relationships in a marine foundation species depend on scale: a shoot to global perspective from a distributed ecological experiment	0.15	0.0	0.0
doi:10.5061/dryad.mt16j	Data from: Genetic and genomic evidence of niche partitioning and adaptive radiation in mountain pine beetle fungal symbionts	1.09	0.0	0.0
doi:10.5061/dryad.k17g2	Data from: Heterospecific eavesdropping in ant-following birds of the Neotropics is a learned behaviour	0.21	0.0	0.0
doi:10.5061/dryad.j77h6	Data from: Hummingbirds control turning velocity using body orientation and turning radius using asymmetrical wingbeat kinematics	3.67	0.0	0.0
doi:10.5061/dryad.dc409	Data from: Induced defences alter the strength and direction of natural selection on reproductive traits in common milkweed	0.07	0.0	0.0
doi:10.5061/dryad.pq6p2	Data from: Large benefits to marine fisheries of meeting the 1.5°C global warming target	1.41	0.0	0.0
doi:10.5061/dryad.s04ng	Data from: Mechanisms of thermal adaptation and evolutionary potential of conspecific populations to changing environments	0.63	0.0	0.0
doi:10.5061/dryad.fn208	Data from: Models for assessing local-scale co-abundance of animal species while accounting for differential detectability and varied responses to the environment	0.15	0.0	0.0
doi:10.5061/dryad.q39k3	Data from: Multi-speed genome diploidization and diversification after an ancient allopolyploidization	1.11	0.0	0.0
doi:10.5061/dryad.723m1	Data from: MycoDB, a global database of plant response to mycorrhizal fungi	3.83	0.0	0.0
doi:10.5061/dryad.8mb6m	Data from: Papuaneon, a new genus of jumping spiders from Papua New Guinea (Araneae: Salticidae: Neonini)	0.58	0.0	0.0
doi:10.5061/dryad.pj475	Data from: Portable device for the detection of colorimetric assays	0.14	0.0	0.0
doi:10.5061/dryad.m78b6	Data from: Rain, predators, and spider sociality: a manipulative experiment	0.1	0.0	0.0
doi:10.5061/dryad.q7605	Data from: Rapid evolution accelerates plant population spread in fragmented experimental landscapes	0.18	0.0	0.0
doi:10.5061/dryad.ph02r	Data from: Reduced mycorrhizal responsiveness leads to increased competitive tolerance in an invasive exotic plant	0.06	0.0	0.0
doi:10.5061/dryad.h32p6	Data from: Spartina alterniflora genotypic identity affects plant and consumer responses in an experimental marsh community	0.16	0.0	0.0
doi:10.5061/dryad.2g8j2	Data from: Sumakuru, a deeply-diverging new genus of lyssomanine jumping spiders from Ecuador (Araneae: Salticidae)	1.05	0.0	0.0
doi:10.5061/dryad.b658g	Data from: The effects of food web structure on ecosystem function exceeds those of precipitation	0.3	0.0	0.0
doi:10.5061/dryad.hg578	Data from: The reciprocal relationship between competition and intraspecific trait variation	0.08	0.0	0.0
doi:10.5061/dryad.2hj75	Data from: Theory, practice, and conservation in the age of genomics: the Galápagos giant tortoise as a case study	3.24	0.0	0.0
doi:10.5061/dryad.qq541	Data from: Towards an integrated database on Canadian ocean resources: benefits, current states, and research gaps	0.19	0.0	0.0
doi:10.5061/dryad.512p5	Data from: Trait-mediated community assembly: distinguishing the signatures of biotic and abiotic filters	0.32	0.0	0.0
doi:10.5061/dryad.2ph6s	Data from: Transcriptome comparative analysis of two Camellia species reveals lipid metabolism during mature seed natural drying	0.14	0.0	0.0
doi:10.5061/dryad.1r8c2	Data from: Weak coordination between leaf structure and function among closely related tomato species	0.09	0.0	0.0
doi:10.5061/dryad.vs370	Data from: Widespread genetic incompatibilities between first-step mutations during parallel adaptation of Saccharomyces cerevisiae to a common environment	1.6	0.0	0.0
doi:10.5061/dryad.5d3rq	Data from: A simple approach for maximizing the overlap of phylogenetic and comparative data	1.01	0.0	0.0
doi:10.5061/dryad.60p5d	Data from: Adaptive plasticity and niche expansion in an invasive thistle	0.58	0.0	0.0
doi:10.5061/dryad.gf151	Data from: Additive genetic variance and effects of inbreeding, sex and age on heterophil to lymphocyte ratio in song sparrows	0.11	0.0	0.0
doi:10.5061/dryad.sg112	Data from: An experimental test of the effect of predation upon behaviour and trait correlations in threespine stickleback	0.04	0.0	0.0
doi:10.5061/dryad.3td28	Data from: Assessing reproductive isolation using a contact zone between parapatric lake-stream stickleback ecotypes	0.35	0.0	0.0
doi:10.5061/dryad.14762	Data from: Burst muscle performance predicts the speed, acceleration, and turning performance of Anna's hummingbirds	0.04	0.0	0.0
doi:10.5061/dryad.4s4t1	Data from: Catch reconstructions reveal that global marine fisheries catches are higher than reported and declining	0.25	0.0	0.0
doi:10.5061/dryad.v7r0b	Data from: Cline coupling and uncoupling in a stickleback hybrid zone	0.33	0.0	0.0
doi:10.5061/dryad.962dt	Data from: Colonization history, host distribution, anthropogenic influence and landscape features shape populations of white pine blister rust, an invasive alien tree pathogen	0.61	0.0	0.0
doi:10.5061/dryad.m27k7	Data from: Cultural isolation is greater than genetic isolation across an avian hybrid zone	0.08	0.0	0.0
doi:10.5061/dryad.52m30	Data from: Do thermoregulatory costs limit altitude distributions of Andean forest birds?	0.77	0.0	0.0
doi:10.5061/dryad.1j25j	Data from: Double decomposition: decomposing the variance in subcomponents of male extra-pair reproductive success	0.29	0.0	0.0
doi:10.5061/dryad.3sr84	Data from: Evolution of haploid–diploid life cycles when haploid and diploid fitnesses are not equal	0.07	0.0	0.0
doi:10.5061/dryad.33kh1	Data from: Eye and head movements are complementary in visual selection	0.1	0.0	0.0
doi:10.5061/dryad.ks53j	Data from: Feather melanin and micro-structure variation in dark-eyed junco (Junco hyemalis) across an elevational gradient in the Selkirk Mountains	0.08	0.0	0.0
doi:10.5061/dryad.tc3v2	Data from: Flowering time of butterfly nectar food plants is more sensitive to temperature than the timing of butterfly adult flight	0.7	0.0	0.0
doi:10.5061/dryad.8b717	Data from: Genetic admixture and heterosis may enhance the invasiveness of common ragweed	0.31	0.0	0.0
doi:10.5061/dryad.fq18t	Data from: Geographic shifts in the effects of habitat size on trophic structure and decomposition	0.04	0.0	0.0
doi:10.5061/dryad.g4590	Data from: Historical dynamics of ecosystem services bundles	0.25	0.0	0.0
doi:10.5061/dryad.58p0t	Data from: Indirect effects of predators control herbivore richness and abundance in a benthic eelgrass (Zostera marina) mesograzer community	0.03	0.0	0.0
doi:10.5061/dryad.92q55	Data from: Intruder colour and light environment jointly determine how nesting male stickleback respond to simulated territorial intrusions	0.03	0.0	0.0
doi:10.5061/dryad.652vq	Data from: Life-history characteristics and landscape attributes as drivers of genetic variation, gene flow and fine-scale population structure in Northern Dolly Varden (Salvelinus malma malma) in Canada	0.18	0.0	0.0
doi:10.5061/dryad.13vk0	Data from: Lowland biotic attrition revisited: body size and variation among climate change ‘winners’ and ‘losers’	0.57	0.0	0.0
doi:10.5061/dryad.30ns8	Data from: Maternal stress has divergent effects on gene expression patterns in the brains of male and female threespine stickleback	1.81	0.0	0.0
doi:10.5061/dryad.1ng8c	Data from: Measuring engagement in advance care planning: a cross-sectional multicentre feasibility study.	0.19	0.0	0.0
doi:10.5061/dryad.g81h3	Data from: Memory for lectures: how lecture format impacts the learning experience	0.03	0.0	0.0
doi:10.5061/dryad.223p4	Data from: Multiple reproductive barriers separate recently diverged sunflower ecotypes	0.94	0.0	0.0
doi:10.5061/dryad.91nd2	Data from: Nutrient foraging behaviour of four co-occuring perennial grassland plant species alone does not predict behaviour with neighbours	0.08	0.0	0.0
doi:10.5061/dryad.s08t2	Data from: Origins of food crops connect countries worldwide	3.23	0.0	0.0
doi:10.5061/dryad.h13vg	Data from: Patterns and drivers of intraspecific variation in avian life history along elevational gradients: a meta-analysis	1.47	0.0	0.0
doi:10.5061/dryad.77q9r	Data from: Photos provide information on age, but not kinship, of Andean bear	0.05	0.0	0.0
doi:10.5061/dryad.gd501	Data from: Phylogenetic placement of the unusual jumping spider Depreissia Lessert, and a new synapomorphy uniting Hisponinae and Salticinae (Araneae, Salticidae)	0.85	0.0	0.0
doi:10.5061/dryad.5rs50	Data from: Phytochrome diversity in green plants and the origin of canonical plant phytochromes	3.37	0.0	0.0
doi:10.5061/dryad.6gj64	Data from: Piscivore addition causes a trophic cascade within and across ecosystem boundaries	1.29	0.0	0.0
doi:10.5061/dryad.d4g4n	Data from: Plant diversity and endemism in the California Floristic Province	2.3	0.0	0.0
doi:10.5061/dryad.35bn3	Data from: Post-glacial recolonization of the North American Arctic by Arctic char (Salvelinus alpinus): genetic evidence of multiple northern refugia and hybridization between glacial lineages	0.21	0.0	0.0
doi:10.5061/dryad.7gg25	Data from: Previously unknown evolutionary groups dominate the ssDNA gokushoviruses in oxic and anoxic waters of a coastal marine environment	0.92	0.0	0.0
doi:10.5061/dryad.g23f6	Data from: Rapid increases in forest understory diversity and productivity following a mountain pine beetle (Dendroctonus ponderosae) outbreak in pine forests	0.05	0.0	0.0
doi:10.5061/dryad.3c769	Data from: Remarkable life history polymorphism may be evolving under divergent selection in the silverleaf sunflower	0.74	0.0	0.0
doi:10.5061/dryad.8k55h	Data from: Resources alter the structure and increase stochasticity in bromeliad microfauna communities	0.19	0.0	0.0
doi:10.5061/dryad.2hb50	Data from: Rethinking refugia: tree topology, divergence dates, and demographic history trace the distribution of the endangered Plymouth gentian (Sabatia kennedyana) from the Pleistocene glaciation to present day	2.9	0.0	0.0
doi:10.5061/dryad.d0325	Data from: Root effect haemoglobins in fish may greatly enhance general oxygen delivery relative to other vertebrates	0.35	0.0	0.0
doi:10.5061/dryad.n720d	Data from: Sockeye salmon repatriation leads to population re-establishment and rapid introgression with native kokanee	0.23	0.0	0.0
doi:10.5061/dryad.bf486	Data from: The conservation value of high elevation habitats to North American migrant birds	1.07	0.0	0.0
doi:10.5061/dryad.tg80g	Data from: The effect of leaf shape on the thermoregulation and frost tolerance of an annual vine, Ipomoea hederacea (Convolvulaceae)	0.57	0.0	0.0
doi:10.5061/dryad.tr26k	Data from: The new Andean jumping spider genus Urupuyu and its placement within a revised classification of the Amycoida (Araneae: Salticidae)	2.93	0.0	0.0
doi:10.5061/dryad.321bv	Data from: The origin and evolution of phototropins	0.75	0.0	0.0
doi:10.5061/dryad.qp512	Data from: The temporal window of ecological adaptation in postglacial lakes: a comparison of head morphology, trophic position and habitat use in Norwegian threespine stickleback populations	0.59	0.0	0.0
doi:10.5061/dryad.15d2p	Data from: Urbanization drives the evolution of parallel clines in plant populations	0.63	0.0	0.0
doi:10.5061/dryad.4r383	Data from: Variation in parent-offspring kinship in socially monogamous systems with extra-pair reproduction and inbreeding	0.15	0.0	0.0
doi:10.5061/dryad.038q8	Data from: Worldwide evidence of a unimodal relationship between productivity and plant species richness	3.59	0.0	0.0
doi:10.5061/dryad.gr93t	Data from: A target enrichment method for gathering phylogenetic information from hundreds of loci: an example from the Compositae	4.77	0.0	0.0
doi:10.5061/dryad.r762t	Data from: A test of the umbrella species approach in restored floodplain ponds.	0.53	0.0	0.0
doi:10.5061/dryad.41356	Data from: Acceleration and novelty: community restoration speeds recovery and transforms species composition in Andean cloud forest	0.09	0.0	0.0
doi:10.5061/dryad.0h4f8	Data from: Adaptive genetic variation mediates bottom-up and top-down control in an aquatic ecosystem	0.1	0.0	0.0
doi:10.5061/dryad.k8199	Data from: Demographic mechanisms of inbreeding adjustment through extra-pair reproduction	0.18	0.0	0.0
doi:10.5061/dryad.3q08v	Data from: Effects of riparian forest harvest on streams: a meta-analysis	0.1	0.0	0.0
doi:10.5061/dryad.6m761	Data from: Fitness costs in spatially structured environments	1.01	0.0	0.0
doi:10.5061/dryad.61691	Data from: From promise to practice: pairing non-invasive sampling with genomics in conservation	4.84	0.0	0.0
doi:10.5061/dryad.473n5	Data from: Genetic architecture and genomic patterns of gene flow between hybridizing species of Picea	0.13	0.0	0.0
doi:10.5061/dryad.pd827	Data from: Genetic evidence for ecological divergence in kokanee salmon	2.45	0.0	0.0
doi:10.5061/dryad.0pf75	Data from: Genetic relationships between Atlantic and Pacific populations of the notothenioid fish Eleginops maclovinus: the footprints of Quaternary glaciations in Patagonia	0.04	0.0	0.0
doi:10.5061/dryad.21517	Data from: Habitat preference facilitates successful early breeding in an open-cup nesting songbird	0.4	0.0	0.0
doi:10.5061/dryad.v7m14	Data from: How much of the world is woody?	3.04	0.0	0.0
doi:10.5061/dryad.615tj	Data from: Identifying the African wintering grounds of hybrid flycatchers using a multi–isotope (δ2H, δ13C, δ15N) assignment approach	0.29	0.0	0.0
doi:10.5061/dryad.5p1q0	Data from: Intraguild predation leads to genetically based character shifts in the threespine stickleback	0.76	0.0	0.0
doi:10.5061/dryad.272c3	Data from: Jerzego, a new hisponine jumping spider from Borneo (Araneae: Salticidae)	0.42	0.0	0.0
doi:10.5061/dryad.d715g	Data from: Landscape structure and the genetic effects of a population collapse	0.15	0.0	0.0
doi:10.5061/dryad.2sj8r	Data from: Liking the good guys: amplifying local adaptation via the evolution of condition-dependent mate choice	4.45	0.0	0.0
doi:10.5061/dryad.rj7g1	Data from: Making pore choices: repeated regime shifts in stomatal ratio	0.08	0.0	0.0
doi:10.5061/dryad.8hb23	Data from: Mapping the fitness landscape of gene expression uncovers the cause of antagonism and sign epistasis between adaptive mutations	0.03	0.0	0.0
doi:10.5061/dryad.g4237	Data from: Morphological and genetic analysis of sympatric dace within the Rhinichthys cataractae species complex: a case of isolation lost	0.22	0.0	0.0
doi:10.5061/dryad.b1296	Data from: Multiple plant traits shape the genetic basis of herbivore community assembly	0.26	0.0	0.0
doi:10.5061/dryad.7h8q2	Data from: Naturally rare versus newly rare: demographic inferences on two timescales inform conservation of Galápagos giant tortoises	0.15	0.0	0.0
doi:10.5061/dryad.363gs	Data from: Oil palm plantations fail to support mammal diversity	0.18	0.0	0.0
doi:10.5061/dryad.1pf8t	Data from: Parallelism in adaptive radiations of experimental Escherichia coli populations	0.19	0.0	0.0
doi:10.5061/dryad.gs352	Data from: Patterns of domestication in the Ethiopian oil-seed crop Noug (Guizotia abyssinica)	0.29	0.0	0.0
doi:10.5061/dryad.c0751	Data from: Plant-mycorrhizal fungus co-occurrence network lacks substantial structure	0.1	0.0	0.0
doi:10.5061/dryad.kp98j	Data from: Population structure of mountain pine beetle symbiont Leptographium longiclavatum and the implication on the multipartite beetle-fungi relationships	0.07	0.0	0.0
doi:10.5061/dryad.8b3d1	Data from: Positive relationship between genetic- and species diversity on limestone outcrops in the Carpathian Mountains	0.18	0.0	0.0
doi:10.5061/dryad.3m2c3	Data from: Predator kairomones change food web structure and function, regardless of cues from consumed prey	0.02	0.0	0.0
doi:10.5061/dryad.bj852	Data from: Predators, energetics and fitness drive neonatal reproductive failure in red squirrels	0.23	0.0	0.0
doi:10.5061/dryad.m64qc	Data from: Predators modify the evolutionary response of prey to temperature change	0.1	0.0	0.0
doi:10.5061/dryad.116td	Data from: Quantitative genetic analysis indicates natural selection on leaf phenotypes across wild tomato species (Solanum sect. Lycopersicon; Solanaceae)	0.41	0.0	0.0
doi:10.5061/dryad.0015b	Data from: Resolving the conundrum of inbreeding depression but no inbreeding avoidance: estimating sex-specific selection on inbreeding by song sparrows (Melospiza melodia)	0.1	0.0	0.0
doi:10.5061/dryad.p0g4v	Data from: Responses to simulated winter conditions differ between threespine stickleback ecotypes	0.04	0.0	0.0
doi:10.5061/dryad.5pr61	Data from: Shared genetic diversity across the global invasive range of the Monk parakeet suggests a common restricted geographic origin and the possibility of convergent selection	0.15	0.0	0.0
doi:10.5061/dryad.r28qk	Data from: Social evolution in structured populations	0.42	0.0	0.0
doi:10.5061/dryad.mr861	Data from: Species turnover (β diversity) in ectomycorrhizal fungi linked to NH4+ uptake capacity	0.08	0.0	0.0
doi:10.5061/dryad.n4v3b	Data from: The evolution of sex chromosomes in organisms with separate haploid sexes	1.06	0.0	0.0
doi:10.5061/dryad.v3t23	Data from: The relationship between parasite fitness and host condition in an insect - virus system	0.06	0.0	0.0
doi:10.5061/dryad.98c48	Data from: Time scale matters: genetic analysis does not support adaptation-by-time as the mechanism for adaptive seasonal declines in kokanee reproductive lifespan	0.08	0.0	0.0
doi:10.5061/dryad.rj15h	Data from: Time to get moving: assisted gene flow of forest trees	0.16	0.0	0.0
doi:10.5061/dryad.984fn	Data from: Tisaniba, a new genus of marpissoid jumping spiders from Borneo (Araneae: Salticidae)	0.82	0.0	0.0
doi:10.5061/dryad.7ts20	Data from: Topology of tree-mycorrhizal fungus interaction networks in xeric and mesic Douglas-fir forests	0.05	0.0	0.0
doi:10.5061/dryad.1f090	Data from: Warming alters food web-driven changes in the CO2 flux of experimental pond ecosystems	0.02	0.0	0.0
doi:10.5061/dryad.fv91n	Data from: Adaptive divergence along environmental gradients in a climate-change-sensitive mammal	0.59	0.0	0.0
doi:10.5061/dryad.vg313	Data from: Basal metabolism in tropical birds: latitude, altitude, and the “pace of life”	0.61	0.0	0.0
doi:10.5061/dryad.921k0	Data from: Calculating the ecological impacts of animal-borne instruments on aquatic organisms	0.05	0.0	0.0
doi:10.5061/dryad.dh63p	Data from: Conservation implications of the evolutionary history and genetic diversity hotspots of the snowshoe hare	0.78	0.0	0.0
doi:10.5061/dryad.1368p	Data from: Evolution and origin of sympatric shallow-water morphotypes of Lake Trout, Salvelinus namaycush, in Canada's Great Bear Lake	0.15	0.0	0.0
doi:10.5061/dryad.km38g	Data from: Evolutionary origin of highly repetitive plastid genomes within the clover genus (Trifolium)	0.96	0.0	0.0
doi:10.5061/dryad.v7370	Data from: Female and male genetic effects on offspring paternity: additive genetic (co)variances in female extra-pair reproduction and male paternity success in song sparrows (Melospiza melodia)	0.57	0.0	0.0
doi:10.5061/dryad.6h82k	Data from: Genetic covariance between components of male reproductive success: within-pair versus extra-pair paternity in song sparrows	0.11	0.0	0.0
doi:10.5061/dryad.r86n4	Data from: Genetic evidence of hybridization between the critically endangered Cuban crocodile and the American crocodile: implications for population history and in situ/ex situ conservation	0.05	0.0	0.0
doi:10.5061/dryad.138vs	Data from: Genome skimming reveals the origin of the Jerusalem Artichoke tuber crop species: neither from Jerusalem nor an Artichoke	1.88	0.0	0.0
doi:10.5061/dryad.7h65f	Data from: Genome-wide admixture and ecological niche modeling reveal the maintenance of species boundaries despite long history of interspecific gene flow	1.2	0.0	0.0
doi:10.5061/dryad.rn5c0	Data from: Immune response genes and pathogen presence predict migration survival in wild salmon smolts	0.19	0.0	0.0
doi:10.5061/dryad.682ns	Data from: Indirect genetic effects underlie oxygen-limited thermal tolerance within a coastal population of chinook salmon	0.71	0.0	0.0
doi:10.5061/dryad.q8473	Data from: Individual performance in relation to cytonuclear discordance in a northern contact zone between long-toed salamander (Ambystoma macrodactylum) lineages	0.12	0.0	0.0
doi:10.5061/dryad.h1j51	Data from: Isotopic variation ccross the Audubon’s-myrtle warbler hybrid zone	0.06	0.0	0.0
doi:10.5061/dryad.5tc1q	Data from: Lineage fusion in Galápagos giant tortoises	0.17	0.0	0.0
doi:10.5061/dryad.0p468	Data from: Nontarget herbivory by a weed biocontrol insect is limited to spillover, reducing the chance of population-level impacts	0.56	0.0	0.0
doi:10.5061/dryad.t9j7g	Data from: Ocean circulation model predicts high genetic structure in a long-lived pelagic developer	2.12	0.0	0.0
doi:10.5061/dryad.5c6v7	Data from: Origins and functional diversification of salinity-responsive Na+, K+ ATPase α1 paralogs in salmonids	0.23	0.0	0.0
doi:10.5061/dryad.322bb	Data from: Pain and pessimism: dairy calves exhibit negative judgement bias following hot-iron disbudding	0.04	0.0	0.0
doi:10.5061/dryad.gv682	Data from: Phenotypic constraints and community structure: linking trade-offs within and among species	0.15	0.0	0.0
doi:10.5061/dryad.td03p886	Data from: Phylogenetic conservatism in plant phenology	1.1	0.0	0.0
doi:10.5061/dryad.1035h	Data from: Phylogeography and population history of Leopardus guigna, the smallest American felid	0.09	0.0	0.0
doi:10.5061/dryad.5dh5f	Data from: QTL mapping identifies candidate alleles involved in adaptive introgression and range expansion in a wild sunflower	0.86	0.0	0.0
doi:10.5061/dryad.f9013	Data from: Quantifying inbreeding avoidance through extra-pair reproduction	0.44	0.0	0.0
doi:10.5061/dryad.vr3h0	Data from: Rapid diversification of sexual signals in Hawaiian Nesosydne planthoppers (Hemiptera: Delphacidae): the relative role of neutral and selective forces	0.04	0.0	0.0
doi:10.5061/dryad.r8547	Data from: Reversed brain size sexual dimorphism accompanies loss of parental care in white sticklebacks	4.62	0.0	0.0
doi:10.5061/dryad.8th12	Data from: Sociality influences cultural complexity	0.02	0.0	0.0
doi:10.5061/dryad.bv689	Data from: Specialization and generalization in the diversification of phytophagous insects: tests of the musical chairs and oscillation hypotheses	0.71	0.0	0.0
doi:10.5061/dryad.n83b3	Data from: Stark sexual display divergence among jumping spider populations in the face of gene flow	0.84	0.0	0.0
doi:10.5061/dryad.1nq6m	Data from: Testing a “genes-to-ecosystems” approach to understanding aquatic-terrestrial linkages	0.11	0.0	0.0
doi:10.5061/dryad.q3g37	Data from: The availability of research data declines rapidly with article age	0.06	0.0	0.0
doi:10.5061/dryad.2b906	Data from: The evolution of environmental tolerance and range size: a comparison of geographically restricted and widespread Mimulus	0.09	0.0	0.0
doi:10.5061/dryad.5tt4r	Data from: The magnitude of local adaptation under genotype-dependent dispersal	0.03	0.0	0.0
doi:10.5061/dryad.qf6t5	Data from: Understanding the spectacular failure of DNA barcoding in willows (Salix): Does this result from a trans-specific selective sweep?	2.19	0.0	0.0
doi:10.5061/dryad.8bv8p	Data from: Complementary and alternative asthma treatments and their association with asthma control: a population-based study	0.1	0.0	0.0
doi:10.5061/dryad.t4328	Data from: Decomposing variation in male reproductive success: age-specific variances and covariances through extra-pair and within-pair reproduction	0.05	0.0	0.0
doi:10.5061/dryad.6t85v	Data from: Differential migratory timing of western populations of Wilson’s Warblers revealed by mitochondrial DNA and stable isotopes	0.08	0.0	0.0
doi:10.5061/dryad.sh53j	Data from: Diverse reproductive barriers in hybridising crickets suggests extensive variation in the evolution and maintenance of isolation	0.08	0.0	0.0
doi:10.5061/dryad.f660p	Data from: Early bursts of body size and shape evolution are rare in comparative data	0.2	0.0	0.0
doi:10.5061/dryad.74tg7	Data from: Evolutionarily stable sex ratios and mutation load	0.74	0.0	0.0
doi:10.5061/dryad.55t60	Data from: Host resistance, population structure and the long-term persistence of bubonic plague: contributions of a modelling approach in the Malagasy focus	0.05	0.0	0.0
doi:10.5061/dryad.38cj7	Data from: Lack of parallel genetic patterns underlying the repeated ecological divergence of beach and stream spawning kokanee salmon	0.39	0.0	0.0
doi:10.5061/dryad.23r11	Data from: Lineage-specific mapping of quantitative trait loci	0.12	0.0	0.0
doi:10.5061/dryad.6bs31	Data from: Mandated data archiving greatly improves access to research data	0.12	0.0	0.0
doi:10.5061/dryad.99db2	Data from: Migration, mitochondria, and the yellow-rumped warbler	0.23	0.0	0.0
doi:10.5061/dryad.rc628	Data from: Molecular phylogeny of an ancient rodent family (Aplodontiidae)	0.8	0.0	0.0
doi:10.5061/dryad.5j2h4	Data from: Multiple origins of sex chromosome fusions correlated with chiasma localization in Habronattus jumping spiders (Araneae: Salticidae)	0.29	0.0	0.0
doi:10.5061/dryad.h51jg	Data from: Mutational effects depend on ploidy level: all else is not equal	0.08	0.0	0.0
doi:10.5061/dryad.kg2nd	Data from: Pedigree error due to extra-pair reproduction substantially biases estimates of inbreeding depression	0.15	0.0	0.0
doi:10.5061/dryad.qq055	Data from: Population genetic structure of the western cherry fruit fly Rhagoletis indifferens (Diptera: Tephritidae) in British Columbia, Canada	0.14	0.0	0.0
doi:10.5061/dryad.cv507	Data from: Quantifying the effects of migration and mutation on adaptation and demography in spatially heterogeneous environments	0.66	0.0	0.0
doi:10.5061/dryad.05510	Data from: Rat aversion to isoflurane versus carbon dioxide	0.03	0.0	0.0
doi:10.5061/dryad.s489b	Data from: Replicate divergence between and within sounds in a marine fish: the copper rockfish (Sebastes caurinus)	0.13	0.0	0.0
doi:10.5061/dryad.3nc54	Data from: Targeted sequence capture and resequencing implies a predominant role of regulatory regions in the divergence of a sympatric lake whitefish species pair (Coregonus clupeaformis)	3.74	0.0	0.0
doi:10.5061/dryad.7gs24	Data from: Temporal variation favors the evolution of generalists in experimental populations of Drosophila melanogaster	0.04	0.0	0.0
doi:10.5061/dryad.g3mh0	Data from: The diet of an endemic subspecies of the Eurasian Spoonbill Platalea leucorodia balsaci, breeding at the Banc d’Arguin, Mauritania	0.02	0.0	0.0
doi:10.5061/dryad.b32s5	Data from: The genetic basis of speciation in the Giliopsis lineage of Ipomopsis (Polemoniaceae)	0.17	0.0	0.0
doi:10.5061/dryad.812t1	Data from: Variation in body shape across species and populations in a radiation of Diaptomid copepods	0.25	0.0	0.0
doi:10.5061/dryad.95qc4	Data from: Weak habitat isolation in a threespine stickleback (Gasterosteus spp.) species pair	0.03	0.0	0.0
doi:10.5061/dryad.7pd82	Data from: Coexistence and origin of trophic ecotypes of pygmy whitefish, Prosopium coulterii, in southwestern Alaskan lake	0.12	0.0	0.0
doi:10.5061/dryad.c9q92	Data from: Detecting small-scale genotype-environment interactions in apomictic dandelion (Taraxacum officinale) populations	0.04	0.0	0.0
doi:10.5061/dryad.2sf64	Data from: Experimental confirmation that body size determines mate preference via phenotype matching in a stickleback species pair	0.08	0.0	0.0
doi:10.5061/dryad.6sb403hc	Data from: Extra-pair paternity and the variance in male fitness in song sparrows (Melospiza melodia)	0.06	0.0	0.0
doi:10.5061/dryad.948k7j42	Data from: Genetic rediscovery of an ‘extinct’ Galápagos giant tortoise species	0.16	0.0	0.0
doi:10.5061/dryad.6jj614kh	Data from: Genetic signature of adaptive peak shift in threespine stickleback	1.71	0.0	0.0
doi:10.5061/dryad.s11b6	Data from: Genomic and phenotypic architecture of a spruce hybrid zone (Picea sitchensis x P. glauca)	0.61	0.0	0.0
doi:10.5061/dryad.bt739	Data from: Mandible allometry in extant and fossil Balaenopteridae (Cetacea: Mammalia): the largest vertebrate skeletal element and its role in rorqual lunge-feeding	0.19	0.0	0.0
doi:10.5061/dryad.4rk06	Data from: Monsters are people too	0.07	0.0	0.0
doi:10.5061/dryad.rd304	Data from: Multiple post-mating barriers to hybridisation in field crickets	0.06	0.0	0.0
doi:10.5061/dryad.hg6vs	Data from: Oceanographic drivers of offspring abundance may increase or decrease variance in reproductive success in a temperate marine fish	0.06	0.0	0.0
doi:10.5061/dryad.6jk30	Data from: Offspring fitness varies with parental extra-pair status in song sparrows, Melospiza melodia	0.05	0.0	0.0
doi:10.5061/dryad.j2448	Data from: Recent non-hybrid origin of sunflower ecotypes in a novel habitat	3.05	0.0	0.0
doi:10.5061/dryad.kv3k3	Data from: Refining the conditions for sympatric ecological speciation	1.29	0.0	0.0
doi:10.5061/dryad.2qf2f	Data from: The maintenance of obligate sex in finite, structured populations subject to recurrent beneficial and deleterious mutation	0.51	0.0	0.0
doi:10.5061/dryad.pb5bh7hq	Data from: The red queen coupled with directional selection favors the evolution of sex	0.09	0.0	0.0
doi:10.5061/dryad.6p889	Data from: Vertical partitioning between sister species of Rhizopogon fungi on mesic and xeric sites in an interior Douglas-fir forest	0.13	0.0	0.0
doi:10.5061/dryad.ms06b	Data from: When should we expect early bursts of trait evolution in comparative data? Predictions from an evolutionary food web model	0.07	0.0	0.0
doi:10.5061/dryad.91741	Data from: A test of hybrid growth disadvantage in wild, free-ranging species pairs of threespine sticklebacks (Gasterosteus aculeatus) and its implications for ecological speciation	0.09	0.0	0.0
doi:10.5061/dryad.158pb518	Data from: Adaptation with gene flow across the landscape in a dune sunflower	0.09	0.0	0.0
doi:10.5061/dryad.j1fd7	Data from: Data archiving is a good  investment	2.49	0.0	0.0
doi:10.5061/dryad.5bk66	Data from: Detection of outlier loci and their utility for fisheries management	0.1	0.0	0.0
doi:10.5061/dryad.84g54	Data from: Dietary stress does not strengthen selection against single deleterious mutations in Drosophila melanogaster	0.12	0.0	0.0
doi:10.5061/dryad.1m104	Data from: Differential selection between the sexes and selection for sex	0.08	0.0	0.0
doi:10.5061/dryad.8651	Data from: Establishment and maintenance of adaptive genetic divergence under migration, selection, and drift	0.44	0.0	0.0
doi:10.5061/dryad.8573	Data from: Hybrid origin of Audubon's warbler	0.1	0.0	0.0
doi:10.5061/dryad.gf647cc0	Data from: Increased growth in sunflower correlates with reduced defenses and altered gene expression in response to biotic and abiotic stress	0.29	0.0	0.0
doi:10.5061/dryad.sj3v479j	Data from: Intraguild predation drives evolutionary niche shift in threespine stickleback	0.45	0.0	0.0
doi:10.5061/dryad.8281	Data from: Patterns of colonization and spread in the fungal spruce pathogen Onnia tomentosa	0.13	0.0	0.0
doi:10.5061/dryad.48jg20v0	Data from: Population structure and migration pattern of a conifer pathogen, Grosmannia clavigera, as influenced by its symbiont the mountain pine beetle	0.05	0.0	0.0
doi:10.5061/dryad.6hf21	Data from: Recently-formed polyploid plants diversify at lower rates	4.8	0.0	0.0
doi:10.5061/dryad.8875	Data from: Recombination and hitchhiking of deleterious alleles	0.03	0.0	0.0
doi:10.5061/dryad.r4j63pg0	Data from: Reconciling extremely strong barriers with high levels of gene exchange in annual sunflowers	0.1	0.0	0.0
doi:10.5061/dryad.5hj47mh6	Data from: Reductions in prolonged swimming capacity following freshwater colonization in multiple threespine stickleback populations.	0.28	0.0	0.0
doi:10.5061/dryad.ng09t	Data from: Selection and genomic differentiation during ecological speciation: isolating the contributions of host association via a comparative genome scan of Neochlamisus bebbianae leaf beetles	1.46	0.0	0.0
doi:10.5061/dryad.8412	Data from: Strong and consistent natural selection associated with armour reduction in sticklebacks	0.04	0.0	0.0
doi:10.5061/dryad.6fm54	Data from: The quantitative genetics of incipient speciation: heritability and genetic correlations of skeletal traits in populations of diverging Favia fragum ecomorphs.	0.37	0.0	0.0
doi:10.5061/dryad.7898	Data from: Can clone size serve as a proxy for clone age? An exploration using microsatellite divergence in Populus tremuloides	0.19	0.0	0.0
doi:10.5061/dryad.1513	Data from: Genetic approaches refine ex situ lowland tapir (Tapirus terrestris) conservation	0.04	0.0	0.0
doi:10.5061/dryad.1682	Data from: Genetic evidence for high propagule pressure and long-distance dispersal in monk parakeet (Myiopsitta monachus) invasive populations	0.11	0.0	0.0
doi:10.5061/dryad.8048	Data from: Haploids adapt faster than diploids across a range of environments	0.17	0.0	0.0
